{"cameraMode":{"drawMode":0,"name":"Shaded","section":"Shading Mode"},"sceneLighting":true,"audioPlay":false,"sceneViewState":{"m_AlwaysRefresh":false,"showFog":true,"showSkybox":true,"showFlares":true,"showImageEffects":true,"showParticleSystems":true,"showVisualEffectGraphs":true,"m_FxEnabled":true},"in2DMode":false,"pivot":{"x":2.7209150791168215,"y":-92.8324966430664,"z":278.92767333984377},"rotation":{"x":-0.16133880615234376,"y":0.026211075484752656,"z":-0.00876142643392086,"w":-0.9879330396652222},"size":178.95880126953126,"orthographic":false}