{"cameraMode":{"drawMode":0,"name":"Shaded","section":"Shading Mode"},"sceneLighting":true,"audioPlay":false,"sceneViewState":{"m_AlwaysRefresh":false,"showFog":true,"showSkybox":true,"showFlares":true,"showImageEffects":true,"showParticleSystems":true,"showVisualEffectGraphs":true,"m_FxEnabled":true},"in2DMode":false,"pivot":{"x":2.873915433883667,"y":-1.5060890913009644,"z":-2.1645028591156008},"rotation":{"x":0.22159646451473237,"y":-0.06058160588145256,"z":0.013537422753870488,"w":0.9734598398208618},"size":12.12435531616211,"orthographic":false}